Sample,Hardness,File,Location,Code
1-101-2,129.9,../data/images/processed/1-101-2.jpg,top-right,1-101
1-101-4,130.0,../data/images/processed/1-101-4.jpg,bottom-left,1-101
1-102-2,137.6,../data/images/processed/1-102-2.jpg,top-right,1-102
1-102-4,127.8,../data/images/processed/1-102-4.jpg,bottom-left,1-102
1-103-2,140.0,../data/images/processed/1-103-2.jpg,top-right,1-103
1-103-4,139.5,../data/images/processed/1-103-4.jpg,bottom-left,1-103
1-104-2,152.3,../data/images/processed/1-104-2.jpg,top-right,1-104
1-104-4,141.2,../data/images/processed/1-104-4.jpg,bottom-left,1-104
1-105-2,142.7,../data/images/processed/1-105-2.jpg,top-right,1-105
1-105-4,153.7,../data/images/processed/1-105-4.jpg,bottom-left,1-105
1-106-2,162.0,../data/images/processed/1-106-2.jpg,top-right,1-106
1-106-4,144.6,../data/images/processed/1-106-4.jpg,bottom-left,1-106
1-107-2,153.5,../data/images/processed/1-107-2.jpg,top-right,1-107
1-107-4,147.5,../data/images/processed/1-107-4.jpg,bottom-left,1-107
1-108-2,154.5,../data/images/processed/1-108-2.jpg,top-right,1-108
1-108-4,146.7,../data/images/processed/1-108-4.jpg,bottom-left,1-108
1-109-2,158.1,../data/images/processed/1-109-2.jpg,top-right,1-109
1-109-4,147.2,../data/images/processed/1-109-4.jpg,bottom-left,1-109
1-110-2,142.3,../data/images/processed/1-110-2.jpg,top-right,1-110
1-110-4,146.1,../data/images/processed/1-110-4.jpg,bottom-left,1-110
1-112-2,154.9,../data/images/processed/1-112-2.jpg,top-right,1-112
1-112-4,150.0,../data/images/processed/1-112-4.jpg,bottom-left,1-112
1-113-2,144.8,../data/images/processed/1-113-2.jpg,top-right,1-113
1-113-4,138.4,../data/images/processed/1-113-4.jpg,bottom-left,1-113
1-201-2,131.8,../data/images/processed/1-201-2.jpg,top-right,1-201
1-201-4,135.9,../data/images/processed/1-201-4.jpg,bottom-left,1-201
1-202-2,125.5,../data/images/processed/1-202-2.jpg,top-right,1-202
1-202-4,142.1,../data/images/processed/1-202-4.jpg,bottom-left,1-202
1-203-2,128.7,../data/images/processed/1-203-2.jpg,top-right,1-203
1-203-4,147.5,../data/images/processed/1-203-4.jpg,bottom-left,1-203
1-204-2,130.7,../data/images/processed/1-204-2.jpg,top-right,1-204
1-204-4,151.2,../data/images/processed/1-204-4.jpg,bottom-left,1-204
1-205-2,138.0,../data/images/processed/1-205-2.jpg,top-right,1-205
1-205-4,147.9,../data/images/processed/1-205-4.jpg,bottom-left,1-205
1-206-2,146.4,../data/images/processed/1-206-2.jpg,top-right,1-206
1-206-4,151.9,../data/images/processed/1-206-4.jpg,bottom-left,1-206
1-207-2,145.9,../data/images/processed/1-207-2.jpg,top-right,1-207
1-207-4,154.0,../data/images/processed/1-207-4.jpg,bottom-left,1-207
1-208-2,138.8,../data/images/processed/1-208-2.jpg,top-right,1-208
1-208-4,151.9,../data/images/processed/1-208-4.jpg,bottom-left,1-208
1-209-2,143.2,../data/images/processed/1-209-2.jpg,top-right,1-209
1-209-4,151.1,../data/images/processed/1-209-4.jpg,bottom-left,1-209
1-210-2,144.0,../data/images/processed/1-210-2.jpg,top-right,1-210
1-210-4,144.3,../data/images/processed/1-210-4.jpg,bottom-left,1-210
1-211-2,135.9,../data/images/processed/1-211-2.jpg,top-right,1-211
1-211-4,146.7,../data/images/processed/1-211-4.jpg,bottom-left,1-211
1-212-2,129.5,../data/images/processed/1-212-2.jpg,top-right,1-212
1-212-4,148.9,../data/images/processed/1-212-4.jpg,bottom-left,1-212
1-213-2,142.1,../data/images/processed/1-213-2.jpg,top-right,1-213
1-213-4,142.1,../data/images/processed/1-213-4.jpg,bottom-left,1-213
1-301-2,133.5,../data/images/processed/1-301-2.jpg,top-right,1-301
1-301-4,129.5,../data/images/processed/1-301-4.jpg,bottom-left,1-301
1-302-2,136.2,../data/images/processed/1-302-2.jpg,top-right,1-302
1-302-4,133.2,../data/images/processed/1-302-4.jpg,bottom-left,1-302
1-303-2,141.8,../data/images/processed/1-303-2.jpg,top-right,1-303
1-303-4,138.0,../data/images/processed/1-303-4.jpg,bottom-left,1-303
1-304-2,141.6,../data/images/processed/1-304-2.jpg,top-right,1-304
1-304-4,138.9,../data/images/processed/1-304-4.jpg,bottom-left,1-304
1-305-2,142.3,../data/images/processed/1-305-2.jpg,top-right,1-305
1-305-4,140.7,../data/images/processed/1-305-4.jpg,bottom-left,1-305
1-306-2,140.7,../data/images/processed/1-306-2.jpg,top-right,1-306
1-306-4,138.6,../data/images/processed/1-306-4.jpg,bottom-left,1-306
1-307-2,138.9,../data/images/processed/1-307-2.jpg,top-right,1-307
1-307-4,135.4,../data/images/processed/1-307-4.jpg,bottom-left,1-307
1-308-2,152.8,../data/images/processed/1-308-2.jpg,top-right,1-308
1-308-4,136.1,../data/images/processed/1-308-4.jpg,bottom-left,1-308
1-309-2,155.2,../data/images/processed/1-309-2.jpg,top-right,1-309
1-309-4,140.0,../data/images/processed/1-309-4.jpg,bottom-left,1-309
1-310-2,148.2,../data/images/processed/1-310-2.jpg,top-right,1-310
1-310-4,140.9,../data/images/processed/1-310-4.jpg,bottom-left,1-310
1-311-2,143.5,../data/images/processed/1-311-2.jpg,top-right,1-311
1-311-4,144.5,../data/images/processed/1-311-4.jpg,bottom-left,1-311
1-312-2,137.9,../data/images/processed/1-312-2.jpg,top-right,1-312
1-312-4,144.6,../data/images/processed/1-312-4.jpg,bottom-left,1-312
1-313-2,140.9,../data/images/processed/1-313-2.jpg,top-right,1-313
1-313-4,147.2,../data/images/processed/1-313-4.jpg,bottom-left,1-313
1-401-2,132.8,../data/images/processed/1-401-2.jpg,top-right,1-401
1-401-4,131.8,../data/images/processed/1-401-4.jpg,bottom-left,1-401
1-402-2,135.8,../data/images/processed/1-402-2.jpg,top-right,1-402
1-402-4,133.1,../data/images/processed/1-402-4.jpg,bottom-left,1-402
1-403-2,134.6,../data/images/processed/1-403-2.jpg,top-right,1-403
1-403-4,138.6,../data/images/processed/1-403-4.jpg,bottom-left,1-403
1-404-2,130.7,../data/images/processed/1-404-2.jpg,top-right,1-404
1-404-4,134.5,../data/images/processed/1-404-4.jpg,bottom-left,1-404
1-405-2,137.1,../data/images/processed/1-405-2.jpg,top-right,1-405
1-405-4,141.2,../data/images/processed/1-405-4.jpg,bottom-left,1-405
1-406-2,132.4,../data/images/processed/1-406-2.jpg,top-right,1-406
1-406-4,142.3,../data/images/processed/1-406-4.jpg,bottom-left,1-406
1-407-2,138.0,../data/images/processed/1-407-2.jpg,top-right,1-407
1-407-4,146.2,../data/images/processed/1-407-4.jpg,bottom-left,1-407
1-408-2,136.8,../data/images/processed/1-408-2.jpg,top-right,1-408
1-408-4,135.4,../data/images/processed/1-408-4.jpg,bottom-left,1-408
1-409-2,135.4,../data/images/processed/1-409-2.jpg,top-right,1-409
1-409-4,137.1,../data/images/processed/1-409-4.jpg,bottom-left,1-409
1-410-2,132.0,../data/images/processed/1-410-2.jpg,top-right,1-410
1-410-4,138.3,../data/images/processed/1-410-4.jpg,bottom-left,1-410
1-411-2,134.5,../data/images/processed/1-411-2.jpg,top-right,1-411
1-411-4,136.4,../data/images/processed/1-411-4.jpg,bottom-left,1-411
1-412-2,148.2,../data/images/processed/1-412-2.jpg,top-right,1-412
1-412-4,134.2,../data/images/processed/1-412-4.jpg,bottom-left,1-412
1-413-2,133.1,../data/images/processed/1-413-2.jpg,top-right,1-413
1-413-4,133.9,../data/images/processed/1-413-4.jpg,bottom-left,1-413
1-501-2,138.2,../data/images/processed/1-501-2.jpg,top-right,1-501
1-501-4,146.2,../data/images/processed/1-501-4.jpg,bottom-left,1-501
1-503-2,133.2,../data/images/processed/1-503-2.jpg,top-right,1-503
1-503-4,113.8,../data/images/processed/1-503-4.jpg,bottom-left,1-503
1-504-2,132.4,../data/images/processed/1-504-2.jpg,top-right,1-504
1-504-4,138.2,../data/images/processed/1-504-4.jpg,bottom-left,1-504
1-505-2,134.4,../data/images/processed/1-505-2.jpg,top-right,1-505
1-505-4,139.5,../data/images/processed/1-505-4.jpg,bottom-left,1-505
1-507-2,130.4,../data/images/processed/1-507-2.jpg,top-right,1-507
1-507-4,143.6,../data/images/processed/1-507-4.jpg,bottom-left,1-507
1-508-2,132.1,../data/images/processed/1-508-2.jpg,top-right,1-508
1-508-4,131.7,../data/images/processed/1-508-4.jpg,bottom-left,1-508
1-509-2,130.6,../data/images/processed/1-509-2.jpg,top-right,1-509
1-509-4,126.3,../data/images/processed/1-509-4.jpg,bottom-left,1-509
1-510-2,133.5,../data/images/processed/1-510-2.jpg,top-right,1-510
1-510-4,128.0,../data/images/processed/1-510-4.jpg,bottom-left,1-510
1-512-2,108.9,../data/images/processed/1-512-2.jpg,top-right,1-512
1-512-4,122.7,../data/images/processed/1-512-4.jpg,bottom-left,1-512
1-513-2,140.1,../data/images/processed/1-513-2.jpg,top-right,1-513
1-513-4,142.4,../data/images/processed/1-513-4.jpg,bottom-left,1-513
1-601-2,138.0,../data/images/processed/1-601-2.jpg,top-right,1-601
1-601-4,138.2,../data/images/processed/1-601-4.jpg,bottom-left,1-601
1-602-2,134.6,../data/images/processed/1-602-2.jpg,top-right,1-602
1-602-4,153.1,../data/images/processed/1-602-4.jpg,bottom-left,1-602
1-603-2,136.5,../data/images/processed/1-603-2.jpg,top-right,1-603
1-603-4,137.1,../data/images/processed/1-603-4.jpg,bottom-left,1-603
1-605-2,141.2,../data/images/processed/1-605-2.jpg,top-right,1-605
1-605-4,150.6,../data/images/processed/1-605-4.jpg,bottom-left,1-605
1-606-2,148.9,../data/images/processed/1-606-2.jpg,top-right,1-606
1-606-4,140.3,../data/images/processed/1-606-4.jpg,bottom-left,1-606
1-607-2,139.5,../data/images/processed/1-607-2.jpg,top-right,1-607
1-607-4,136.7,../data/images/processed/1-607-4.jpg,bottom-left,1-607
1-609-2,135.5,../data/images/processed/1-609-2.jpg,top-right,1-609
1-609-4,137.6,../data/images/processed/1-609-4.jpg,bottom-left,1-609
1-610-2,144.8,../data/images/processed/1-610-2.jpg,top-right,1-610
1-610-4,145.4,../data/images/processed/1-610-4.jpg,bottom-left,1-610
1-611-2,133.2,../data/images/processed/1-611-2.jpg,top-right,1-611
1-611-4,153.5,../data/images/processed/1-611-4.jpg,bottom-left,1-611
2-401-1,124.0,../data/images/processed/2-401-1.jpg,top-left,2-401
2-401-2,126.6,../data/images/processed/2-401-2.jpg,top-right,2-401
2-401-3,120.0,../data/images/processed/2-401-3.jpg,bottom-right,2-401
2-401-4,128.4,../data/images/processed/2-401-4.jpg,bottom-left,2-401
2-402-1,137.3,../data/images/processed/2-402-1.jpg,top-left,2-402
2-402-2,145.8,../data/images/processed/2-402-2.jpg,top-right,2-402
2-402-3,131.3,../data/images/processed/2-402-3.jpg,bottom-right,2-402
2-402-4,129.2,../data/images/processed/2-402-4.jpg,bottom-left,2-402
2-403-1,147.1,../data/images/processed/2-403-1.jpg,top-left,2-403
2-403-2,140.7,../data/images/processed/2-403-2.jpg,top-right,2-403
2-403-3,133.8,../data/images/processed/2-403-3.jpg,bottom-right,2-403
2-403-4,139.2,../data/images/processed/2-403-4.jpg,bottom-left,2-403
2-404-1,140.3,../data/images/processed/2-404-1.jpg,top-left,2-404
2-404-2,131.1,../data/images/processed/2-404-2.jpg,top-right,2-404
2-404-3,126.4,../data/images/processed/2-404-3.jpg,bottom-right,2-404
2-404-4,115.4,../data/images/processed/2-404-4.jpg,bottom-left,2-404
2-405-1,130.6,../data/images/processed/2-405-1.jpg,top-left,2-405
2-405-2,128.2,../data/images/processed/2-405-2.jpg,top-right,2-405
2-405-3,128.0,../data/images/processed/2-405-3.jpg,bottom-right,2-405
2-405-4,129.6,../data/images/processed/2-405-4.jpg,bottom-left,2-405
2-406-1,129.0,../data/images/processed/2-406-1.jpg,top-left,2-406
2-406-2,129.2,../data/images/processed/2-406-2.jpg,top-right,2-406
2-406-3,125.9,../data/images/processed/2-406-3.jpg,bottom-right,2-406
2-406-4,116.6,../data/images/processed/2-406-4.jpg,bottom-left,2-406
2-407-1,126.2,../data/images/processed/2-407-1.jpg,top-left,2-407
2-407-2,131.0,../data/images/processed/2-407-2.jpg,top-right,2-407
2-407-3,132.1,../data/images/processed/2-407-3.jpg,bottom-right,2-407
2-407-4,128.7,../data/images/processed/2-407-4.jpg,bottom-left,2-407
2-409-1,129.6,../data/images/processed/2-409-1.jpg,top-left,2-409
2-409-2,140.7,../data/images/processed/2-409-2.jpg,top-right,2-409
2-409-3,141.0,../data/images/processed/2-409-3.jpg,bottom-right,2-409
2-409-4,134.5,../data/images/processed/2-409-4.jpg,bottom-left,2-409
2-410-1,138.4,../data/images/processed/2-410-1.jpg,top-left,2-410
2-410-2,128.7,../data/images/processed/2-410-2.jpg,top-right,2-410
2-410-3,137.0,../data/images/processed/2-410-3.jpg,bottom-right,2-410
2-410-4,130.7,../data/images/processed/2-410-4.jpg,bottom-left,2-410
2-411-1,119.1,../data/images/processed/2-411-1.jpg,top-left,2-411
2-411-2,132.4,../data/images/processed/2-411-2.jpg,top-right,2-411
2-411-3,137.1,../data/images/processed/2-411-3.jpg,bottom-right,2-411
2-411-4,125.0,../data/images/processed/2-411-4.jpg,bottom-left,2-411
2-412-1,134.6,../data/images/processed/2-412-1.jpg,top-left,2-412
2-412-2,132.4,../data/images/processed/2-412-2.jpg,top-right,2-412
2-412-3,130.4,../data/images/processed/2-412-3.jpg,bottom-right,2-412
2-412-4,133.4,../data/images/processed/2-412-4.jpg,bottom-left,2-412
2-413-1,129.9,../data/images/processed/2-413-1.jpg,top-left,2-413
2-413-2,127.2,../data/images/processed/2-413-2.jpg,top-right,2-413
2-413-3,133.2,../data/images/processed/2-413-3.jpg,bottom-right,2-413
2-413-4,127.9,../data/images/processed/2-413-4.jpg,bottom-left,2-413
2-414-1,140.9,../data/images/processed/2-414-1.jpg,top-left,2-414
2-414-2,129.4,../data/images/processed/2-414-2.jpg,top-right,2-414
2-414-3,125.1,../data/images/processed/2-414-3.jpg,bottom-right,2-414
2-414-4,125.7,../data/images/processed/2-414-4.jpg,bottom-left,2-414
2-415-1,126.3,../data/images/processed/2-415-1.jpg,top-left,2-415
2-415-2,133.5,../data/images/processed/2-415-2.jpg,top-right,2-415
2-415-3,130.9,../data/images/processed/2-415-3.jpg,bottom-right,2-415
2-415-4,121.9,../data/images/processed/2-415-4.jpg,bottom-left,2-415
2-416-1,134.5,../data/images/processed/2-416-1.jpg,top-left,2-416
2-416-2,125.5,../data/images/processed/2-416-2.jpg,top-right,2-416
2-416-3,120.6,../data/images/processed/2-416-3.jpg,bottom-right,2-416
2-416-4,122.9,../data/images/processed/2-416-4.jpg,bottom-left,2-416
2-501-1,129.8,../data/images/processed/2-501-1.jpg,top-left,2-501
2-501-2,119.7,../data/images/processed/2-501-2.jpg,top-right,2-501
2-501-3,124.3,../data/images/processed/2-501-3.jpg,bottom-right,2-501
2-501-4,125.7,../data/images/processed/2-501-4.jpg,bottom-left,2-501
2-502-1,114.1,../data/images/processed/2-502-1.jpg,top-left,2-502
2-502-2,129.5,../data/images/processed/2-502-2.jpg,top-right,2-502
2-502-3,117.1,../data/images/processed/2-502-3.jpg,bottom-right,2-502
2-502-4,127.4,../data/images/processed/2-502-4.jpg,bottom-left,2-502
2-503-1,127.9,../data/images/processed/2-503-1.jpg,top-left,2-503
2-503-2,125.9,../data/images/processed/2-503-2.jpg,top-right,2-503
2-503-3,127.2,../data/images/processed/2-503-3.jpg,bottom-right,2-503
2-503-4,133.4,../data/images/processed/2-503-4.jpg,bottom-left,2-503
2-504-1,134.1,../data/images/processed/2-504-1.jpg,top-left,2-504
2-504-2,134.8,../data/images/processed/2-504-2.jpg,top-right,2-504
2-504-3,129.6,../data/images/processed/2-504-3.jpg,bottom-right,2-504
2-504-4,132.7,../data/images/processed/2-504-4.jpg,bottom-left,2-504
2-505-1,133.2,../data/images/processed/2-505-1.jpg,top-left,2-505
2-505-2,125.9,../data/images/processed/2-505-2.jpg,top-right,2-505
2-505-3,134.1,../data/images/processed/2-505-3.jpg,bottom-right,2-505
2-505-4,128.0,../data/images/processed/2-505-4.jpg,bottom-left,2-505
2-506-1,127.5,../data/images/processed/2-506-1.jpg,top-left,2-506
2-506-2,122.0,../data/images/processed/2-506-2.jpg,top-right,2-506
2-506-3,124.9,../data/images/processed/2-506-3.jpg,bottom-right,2-506
2-506-4,124.8,../data/images/processed/2-506-4.jpg,bottom-left,2-506
2-507-1,125.5,../data/images/processed/2-507-1.jpg,top-left,2-507
2-507-2,125.9,../data/images/processed/2-507-2.jpg,top-right,2-507
2-507-3,124.3,../data/images/processed/2-507-3.jpg,bottom-right,2-507
2-507-4,126.2,../data/images/processed/2-507-4.jpg,bottom-left,2-507
2-508-1,129.8,../data/images/processed/2-508-1.jpg,top-left,2-508
2-508-2,125.7,../data/images/processed/2-508-2.jpg,top-right,2-508
2-508-3,127.1,../data/images/processed/2-508-3.jpg,bottom-right,2-508
2-508-4,127.2,../data/images/processed/2-508-4.jpg,bottom-left,2-508
2-509-1,140.9,../data/images/processed/2-509-1.jpg,top-left,2-509
2-509-2,127.1,../data/images/processed/2-509-2.jpg,top-right,2-509
2-509-3,120.6,../data/images/processed/2-509-3.jpg,bottom-right,2-509
2-509-4,128.8,../data/images/processed/2-509-4.jpg,bottom-left,2-509
2-510-1,133.6,../data/images/processed/2-510-1.jpg,top-left,2-510
2-510-2,125.0,../data/images/processed/2-510-2.jpg,top-right,2-510
2-510-3,131.4,../data/images/processed/2-510-3.jpg,bottom-right,2-510
2-510-4,125.5,../data/images/processed/2-510-4.jpg,bottom-left,2-510
2-511-1,134.8,../data/images/processed/2-511-1.jpg,top-left,2-511
2-511-2,129.1,../data/images/processed/2-511-2.jpg,top-right,2-511
2-511-3,126.3,../data/images/processed/2-511-3.jpg,bottom-right,2-511
2-511-4,130.6,../data/images/processed/2-511-4.jpg,bottom-left,2-511
2-512-1,129.4,../data/images/processed/2-512-1.jpg,top-left,2-512
2-512-2,128.6,../data/images/processed/2-512-2.jpg,top-right,2-512
2-512-3,124.3,../data/images/processed/2-512-3.jpg,bottom-right,2-512
2-512-4,123.6,../data/images/processed/2-512-4.jpg,bottom-left,2-512
2-513-1,126.4,../data/images/processed/2-513-1.jpg,top-left,2-513
2-513-2,131.8,../data/images/processed/2-513-2.jpg,top-right,2-513
2-513-3,124.5,../data/images/processed/2-513-3.jpg,bottom-right,2-513
2-513-4,124.5,../data/images/processed/2-513-4.jpg,bottom-left,2-513
2-514-1,131.4,../data/images/processed/2-514-1.jpg,top-left,2-514
2-514-2,123.1,../data/images/processed/2-514-2.jpg,top-right,2-514
2-514-3,122.2,../data/images/processed/2-514-3.jpg,bottom-right,2-514
2-514-4,124.6,../data/images/processed/2-514-4.jpg,bottom-left,2-514
2-515-1,129.8,../data/images/processed/2-515-1.jpg,top-left,2-515
2-515-2,130.7,../data/images/processed/2-515-2.jpg,top-right,2-515
2-515-3,122.7,../data/images/processed/2-515-3.jpg,bottom-right,2-515
2-515-4,127.2,../data/images/processed/2-515-4.jpg,bottom-left,2-515
2-516-1,124.8,../data/images/processed/2-516-1.jpg,top-left,2-516
2-516-2,125.9,../data/images/processed/2-516-2.jpg,top-right,2-516
2-516-3,122.5,../data/images/processed/2-516-3.jpg,bottom-right,2-516
2-601-1,120.4,../data/images/processed/2-601-1.jpg,top-left,2-601
2-601-2,128.4,../data/images/processed/2-601-2.jpg,top-right,2-601
2-601-3,138.0,../data/images/processed/2-601-3.jpg,bottom-right,2-601
2-601-4,129.2,../data/images/processed/2-601-4.jpg,bottom-left,2-601
2-602-1,130.2,../data/images/processed/2-602-1.jpg,top-left,2-602
2-602-2,129.4,../data/images/processed/2-602-2.jpg,top-right,2-602
2-602-3,131.8,../data/images/processed/2-602-3.jpg,bottom-right,2-602
2-602-4,131.3,../data/images/processed/2-602-4.jpg,bottom-left,2-602
2-603-1,129.9,../data/images/processed/2-603-1.jpg,top-left,2-603
2-603-2,135.1,../data/images/processed/2-603-2.jpg,top-right,2-603
2-603-3,129.9,../data/images/processed/2-603-3.jpg,bottom-right,2-603
2-603-4,131.1,../data/images/processed/2-603-4.jpg,bottom-left,2-603
2-604-1,127.8,../data/images/processed/2-604-1.jpg,top-left,2-604
2-604-2,130.7,../data/images/processed/2-604-2.jpg,top-right,2-604
2-604-3,139.4,../data/images/processed/2-604-3.jpg,bottom-right,2-604
2-604-4,126.2,../data/images/processed/2-604-4.jpg,bottom-left,2-604
2-605-1,122.5,../data/images/processed/2-605-1.jpg,top-left,2-605
2-605-2,129.8,../data/images/processed/2-605-2.jpg,top-right,2-605
2-605-3,140.3,../data/images/processed/2-605-3.jpg,bottom-right,2-605
2-605-4,131.4,../data/images/processed/2-605-4.jpg,bottom-left,2-605
2-607-1,125.0,../data/images/processed/2-607-1.jpg,top-left,2-607
2-607-2,130.3,../data/images/processed/2-607-2.jpg,top-right,2-607
2-607-3,132.1,../data/images/processed/2-607-3.jpg,bottom-right,2-607
2-607-4,134.2,../data/images/processed/2-607-4.jpg,bottom-left,2-607
2-608-1,128.6,../data/images/processed/2-608-1.jpg,top-left,2-608
2-608-2,130.9,../data/images/processed/2-608-2.jpg,top-right,2-608
2-608-3,134.5,../data/images/processed/2-608-3.jpg,bottom-right,2-608
2-608-4,131.4,../data/images/processed/2-608-4.jpg,bottom-left,2-608
2-609-1,126.0,../data/images/processed/2-609-1.jpg,top-left,2-609
2-609-2,135.2,../data/images/processed/2-609-2.jpg,top-right,2-609
2-609-3,131.3,../data/images/processed/2-609-3.jpg,bottom-right,2-609
2-609-4,142.3,../data/images/processed/2-609-4.jpg,bottom-left,2-609
2-610-1,123.7,../data/images/processed/2-610-1.jpg,top-left,2-610
2-610-2,132.7,../data/images/processed/2-610-2.jpg,top-right,2-610
2-610-3,132.4,../data/images/processed/2-610-3.jpg,bottom-right,2-610
2-610-4,129.1,../data/images/processed/2-610-4.jpg,bottom-left,2-610
2-611-1,132.2,../data/images/processed/2-611-1.jpg,top-left,2-611
2-611-2,135.5,../data/images/processed/2-611-2.jpg,top-right,2-611
2-611-3,127.0,../data/images/processed/2-611-3.jpg,bottom-right,2-611
2-611-4,118.5,../data/images/processed/2-611-4.jpg,bottom-left,2-611
2-612-1,131.0,../data/images/processed/2-612-1.jpg,top-left,2-612
2-612-2,123.6,../data/images/processed/2-612-2.jpg,top-right,2-612
2-612-3,136.5,../data/images/processed/2-612-3.jpg,bottom-right,2-612
2-612-4,127.2,../data/images/processed/2-612-4.jpg,bottom-left,2-612
2-613-1,128.3,../data/images/processed/2-613-1.jpg,top-left,2-613
2-613-2,134.4,../data/images/processed/2-613-2.jpg,top-right,2-613
2-613-3,127.6,../data/images/processed/2-613-3.jpg,bottom-right,2-613
2-613-4,130.2,../data/images/processed/2-613-4.jpg,bottom-left,2-613
2-614-1,129.5,../data/images/processed/2-614-1.jpg,top-left,2-614
2-614-2,129.1,../data/images/processed/2-614-2.jpg,top-right,2-614
2-614-3,126.8,../data/images/processed/2-614-3.jpg,bottom-right,2-614
2-614-4,138.2,../data/images/processed/2-614-4.jpg,bottom-left,2-614
2-615-1,114.8,../data/images/processed/2-615-1.jpg,top-left,2-615
2-615-2,129.6,../data/images/processed/2-615-2.jpg,top-right,2-615
2-615-3,129.2,../data/images/processed/2-615-3.jpg,bottom-right,2-615
2-615-4,122.5,../data/images/processed/2-615-4.jpg,bottom-left,2-615
3-101-1,147.2,../data/images/processed/3-101-1.jpg,top-left,3-101
3-101-2,157.4,../data/images/processed/3-101-2.jpg,top-right,3-101
3-101-3,155.1,../data/images/processed/3-101-3.jpg,bottom-right,3-101
3-101-4,148.2,../data/images/processed/3-101-4.jpg,bottom-left,3-101
3-102-2,153.3,../data/images/processed/3-102-2.jpg,top-right,3-102
3-102-3,150.9,../data/images/processed/3-102-3.jpg,bottom-right,3-102
3-102-4,135.1,../data/images/processed/3-102-4.jpg,bottom-left,3-102
3-103-1,148.7,../data/images/processed/3-103-1.jpg,top-left,3-103
3-103-2,147.9,../data/images/processed/3-103-2.jpg,top-right,3-103
3-103-3,145.4,../data/images/processed/3-103-3.jpg,bottom-right,3-103
3-103-4,142.6,../data/images/processed/3-103-4.jpg,bottom-left,3-103
3-104-1,150.2,../data/images/processed/3-104-1.jpg,top-left,3-104
3-104-2,145.3,../data/images/processed/3-104-2.jpg,top-right,3-104
3-104-3,150.2,../data/images/processed/3-104-3.jpg,bottom-right,3-104
3-104-4,146.6,../data/images/processed/3-104-4.jpg,bottom-left,3-104
3-105-1,139.4,../data/images/processed/3-105-1.jpg,top-left,3-105
3-105-2,141.2,../data/images/processed/3-105-2.jpg,top-right,3-105
3-105-3,145.3,../data/images/processed/3-105-3.jpg,bottom-right,3-105
3-105-4,146.7,../data/images/processed/3-105-4.jpg,bottom-left,3-105
3-106-1,145.6,../data/images/processed/3-106-1.jpg,top-left,3-106
3-106-2,143.7,../data/images/processed/3-106-2.jpg,top-right,3-106
3-106-3,140.7,../data/images/processed/3-106-3.jpg,bottom-right,3-106
3-106-4,134.9,../data/images/processed/3-106-4.jpg,bottom-left,3-106
3-107-1,141.6,../data/images/processed/3-107-1.jpg,top-left,3-107
3-107-2,143.0,../data/images/processed/3-107-2.jpg,top-right,3-107
3-107-3,148.7,../data/images/processed/3-107-3.jpg,bottom-right,3-107
3-107-4,150.7,../data/images/processed/3-107-4.jpg,bottom-left,3-107
3-108-1,134.2,../data/images/processed/3-108-1.jpg,top-left,3-108
3-108-2,136.7,../data/images/processed/3-108-2.jpg,top-right,3-108
3-108-3,149.0,../data/images/processed/3-108-3.jpg,bottom-right,3-108
3-108-4,141.6,../data/images/processed/3-108-4.jpg,bottom-left,3-108
3-109-1,140.4,../data/images/processed/3-109-1.jpg,top-left,3-109
3-109-2,132.7,../data/images/processed/3-109-2.jpg,top-right,3-109
3-109-3,139.8,../data/images/processed/3-109-3.jpg,bottom-right,3-109
3-109-4,149.5,../data/images/processed/3-109-4.jpg,bottom-left,3-109
3-110-1,132.5,../data/images/processed/3-110-1.jpg,top-left,3-110
3-110-2,139.2,../data/images/processed/3-110-2.jpg,top-right,3-110
3-110-3,153.5,../data/images/processed/3-110-3.jpg,bottom-right,3-110
3-110-4,153.6,../data/images/processed/3-110-4.jpg,bottom-left,3-110
3-113-1,121.3,../data/images/processed/3-113-1.jpg,top-left,3-113
3-113-2,119.4,../data/images/processed/3-113-2.jpg,top-right,3-113
3-113-3,140.7,../data/images/processed/3-113-3.jpg,bottom-right,3-113
3-113-4,143.8,../data/images/processed/3-113-4.jpg,bottom-left,3-113
3-114-1,122.0,../data/images/processed/3-114-1.jpg,top-left,3-114
3-114-2,118.7,../data/images/processed/3-114-2.jpg,top-right,3-114
3-114-3,139.4,../data/images/processed/3-114-3.jpg,bottom-right,3-114
3-114-4,142.6,../data/images/processed/3-114-4.jpg,bottom-left,3-114
3-115-1,120.8,../data/images/processed/3-115-1.jpg,top-left,3-115
3-115-2,122.7,../data/images/processed/3-115-2.jpg,top-right,3-115
3-115-3,146.6,../data/images/processed/3-115-3.jpg,bottom-right,3-115
3-115-4,148.9,../data/images/processed/3-115-4.jpg,bottom-left,3-115
3-116-1,124.5,../data/images/processed/3-116-1.jpg,top-left,3-116
3-116-2,130.0,../data/images/processed/3-116-2.jpg,top-right,3-116
3-116-3,140.1,../data/images/processed/3-116-3.jpg,bottom-right,3-116
3-116-4,144.6,../data/images/processed/3-116-4.jpg,bottom-left,3-116
3-119-1,129.4,../data/images/processed/3-119-1.jpg,top-left,3-119
3-119-2,134.4,../data/images/processed/3-119-2.jpg,top-right,3-119
3-119-3,151.7,../data/images/processed/3-119-3.jpg,bottom-right,3-119
3-119-4,142.7,../data/images/processed/3-119-4.jpg,bottom-left,3-119
3-120-1,139.7,../data/images/processed/3-120-1.jpg,top-left,3-120
3-120-2,132.8,../data/images/processed/3-120-2.jpg,top-right,3-120
3-120-3,147.5,../data/images/processed/3-120-3.jpg,bottom-right,3-120
3-120-4,140.4,../data/images/processed/3-120-4.jpg,bottom-left,3-120
3-121-1,129.9,../data/images/processed/3-121-1.jpg,top-left,3-121
3-121-2,133.2,../data/images/processed/3-121-2.jpg,top-right,3-121
3-121-3,146.6,../data/images/processed/3-121-3.jpg,bottom-right,3-121
3-121-4,125.4,../data/images/processed/3-121-4.jpg,bottom-left,3-121
3-201-1,139.5,../data/images/processed/3-201-1.jpg,top-left,3-201
3-201-2,137.2,../data/images/processed/3-201-2.jpg,top-right,3-201
3-201-3,146.6,../data/images/processed/3-201-3.jpg,bottom-right,3-201
3-201-4,137.7,../data/images/processed/3-201-4.jpg,bottom-left,3-201
3-202-1,135.7,../data/images/processed/3-202-1.jpg,top-left,3-202
3-202-2,138.0,../data/images/processed/3-202-2.jpg,top-right,3-202
3-202-3,144.9,../data/images/processed/3-202-3.jpg,bottom-right,3-202
3-202-4,138.2,../data/images/processed/3-202-4.jpg,bottom-left,3-202
3-203-1,129.4,../data/images/processed/3-203-1.jpg,top-left,3-203
3-203-2,135.5,../data/images/processed/3-203-2.jpg,top-right,3-203
3-203-3,151.1,../data/images/processed/3-203-3.jpg,bottom-right,3-203
3-203-4,145.2,../data/images/processed/3-203-4.jpg,bottom-left,3-203
3-204-1,131.3,../data/images/processed/3-204-1.jpg,top-left,3-204
3-204-2,142.1,../data/images/processed/3-204-2.jpg,top-right,3-204
3-204-3,138.8,../data/images/processed/3-204-3.jpg,bottom-right,3-204
3-204-4,146.2,../data/images/processed/3-204-4.jpg,bottom-left,3-204
3-205-1,137.0,../data/images/processed/3-205-1.jpg,top-left,3-205
3-205-2,140.4,../data/images/processed/3-205-2.jpg,top-right,3-205
3-205-3,139.7,../data/images/processed/3-205-3.jpg,bottom-right,3-205
3-205-4,143.0,../data/images/processed/3-205-4.jpg,bottom-left,3-205
3-206-2,133.5,../data/images/processed/3-206-2.jpg,top-right,3-206
3-206-3,144.5,../data/images/processed/3-206-3.jpg,bottom-right,3-206
3-207-1,134.1,../data/images/processed/3-207-1.jpg,top-left,3-207
3-207-2,140.0,../data/images/processed/3-207-2.jpg,top-right,3-207
3-207-3,137.4,../data/images/processed/3-207-3.jpg,bottom-right,3-207
3-207-4,142.3,../data/images/processed/3-207-4.jpg,bottom-left,3-207
3-208-1,144.3,../data/images/processed/3-208-1.jpg,top-left,3-208
3-208-2,144.3,../data/images/processed/3-208-2.jpg,top-right,3-208
3-208-3,137.7,../data/images/processed/3-208-3.jpg,bottom-right,3-208
3-208-4,142.7,../data/images/processed/3-208-4.jpg,bottom-left,3-208
3-209-1,134.8,../data/images/processed/3-209-1.jpg,top-left,3-209
3-209-2,132.7,../data/images/processed/3-209-2.jpg,top-right,3-209
3-209-3,145.1,../data/images/processed/3-209-3.jpg,bottom-right,3-209
3-209-4,146.6,../data/images/processed/3-209-4.jpg,bottom-left,3-209
3-210-1,140.6,../data/images/processed/3-210-1.jpg,top-left,3-210
3-210-2,139.4,../data/images/processed/3-210-2.jpg,top-right,3-210
3-210-3,139.8,../data/images/processed/3-210-3.jpg,bottom-right,3-210
3-210-4,146.9,../data/images/processed/3-210-4.jpg,bottom-left,3-210
3-211-1,137.4,../data/images/processed/3-211-1.jpg,top-left,3-211
3-211-2,144.6,../data/images/processed/3-211-2.jpg,top-right,3-211
3-211-3,143.4,../data/images/processed/3-211-3.jpg,bottom-right,3-211
3-211-4,138.9,../data/images/processed/3-211-4.jpg,bottom-left,3-211
3-214-1,139.0,../data/images/processed/3-214-1.jpg,top-left,3-214
3-214-2,135.2,../data/images/processed/3-214-2.jpg,top-right,3-214
3-214-3,140.7,../data/images/processed/3-214-3.jpg,bottom-right,3-214
3-214-4,144.8,../data/images/processed/3-214-4.jpg,bottom-left,3-214
3-215-2,139.8,../data/images/processed/3-215-2.jpg,top-right,3-215
3-215-4,132.7,../data/images/processed/3-215-4.jpg,bottom-left,3-215
3-216-1,142.7,../data/images/processed/3-216-1.jpg,top-left,3-216
3-216-2,138.3,../data/images/processed/3-216-2.jpg,top-right,3-216
3-216-3,138.3,../data/images/processed/3-216-3.jpg,bottom-right,3-216
3-216-4,138.3,../data/images/processed/3-216-4.jpg,bottom-left,3-216
3-217-1,140.1,../data/images/processed/3-217-1.jpg,top-left,3-217
3-217-2,136.2,../data/images/processed/3-217-2.jpg,top-right,3-217
3-217-3,138.9,../data/images/processed/3-217-3.jpg,bottom-right,3-217
3-217-4,139.0,../data/images/processed/3-217-4.jpg,bottom-left,3-217
3-218-1,139.7,../data/images/processed/3-218-1.jpg,top-left,3-218
3-218-2,140.4,../data/images/processed/3-218-2.jpg,top-right,3-218
3-218-3,136.7,../data/images/processed/3-218-3.jpg,bottom-right,3-218
3-218-4,136.5,../data/images/processed/3-218-4.jpg,bottom-left,3-218
3-219-1,151.7,../data/images/processed/3-219-1.jpg,top-left,3-219
3-219-2,144.6,../data/images/processed/3-219-2.jpg,top-right,3-219
3-219-3,140.4,../data/images/processed/3-219-3.jpg,bottom-right,3-219
3-219-4,144.8,../data/images/processed/3-219-4.jpg,bottom-left,3-219
3-220-1,142.6,../data/images/processed/3-220-1.jpg,top-left,3-220
3-220-2,138.9,../data/images/processed/3-220-2.jpg,top-right,3-220
3-220-3,144.6,../data/images/processed/3-220-3.jpg,bottom-right,3-220
3-220-4,138.2,../data/images/processed/3-220-4.jpg,bottom-left,3-220
3-221-1,135.9,../data/images/processed/3-221-1.jpg,top-left,3-221
3-221-2,136.7,../data/images/processed/3-221-2.jpg,top-right,3-221
3-221-3,142.3,../data/images/processed/3-221-3.jpg,bottom-right,3-221
3-221-4,137.7,../data/images/processed/3-221-4.jpg,bottom-left,3-221
3-301-1,133.9,../data/images/processed/3-301-1.jpg,top-left,3-301
3-301-2,144.6,../data/images/processed/3-301-2.jpg,top-right,3-301
3-301-3,142.4,../data/images/processed/3-301-3.jpg,bottom-right,3-301
3-301-4,143.2,../data/images/processed/3-301-4.jpg,bottom-left,3-301
3-302-1,146.6,../data/images/processed/3-302-1.jpg,top-left,3-302
3-302-2,139.0,../data/images/processed/3-302-2.jpg,top-right,3-302
3-302-3,141.0,../data/images/processed/3-302-3.jpg,bottom-right,3-302
3-302-4,142.3,../data/images/processed/3-302-4.jpg,bottom-left,3-302
3-303-1,144.2,../data/images/processed/3-303-1.jpg,top-left,3-303
3-303-2,139.4,../data/images/processed/3-303-2.jpg,top-right,3-303
3-303-3,151.9,../data/images/processed/3-303-3.jpg,bottom-right,3-303
3-303-4,139.7,../data/images/processed/3-303-4.jpg,bottom-left,3-303
3-304-1,141.8,../data/images/processed/3-304-1.jpg,top-left,3-304
3-304-2,135.7,../data/images/processed/3-304-2.jpg,top-right,3-304
3-304-3,137.0,../data/images/processed/3-304-3.jpg,bottom-right,3-304
3-304-4,141.9,../data/images/processed/3-304-4.jpg,bottom-left,3-304
3-305-1,132.9,../data/images/processed/3-305-1.jpg,top-left,3-305
3-305-2,134.2,../data/images/processed/3-305-2.jpg,top-right,3-305
3-305-3,142.6,../data/images/processed/3-305-3.jpg,bottom-right,3-305
3-305-4,150.6,../data/images/processed/3-305-4.jpg,bottom-left,3-305
3-306-1,140.3,../data/images/processed/3-306-1.jpg,top-left,3-306
3-306-2,139.5,../data/images/processed/3-306-2.jpg,top-right,3-306
3-306-3,140.9,../data/images/processed/3-306-3.jpg,bottom-right,3-306
3-306-4,141.9,../data/images/processed/3-306-4.jpg,bottom-left,3-306
3-307-1,131.3,../data/images/processed/3-307-1.jpg,top-left,3-307
3-307-2,136.1,../data/images/processed/3-307-2.jpg,top-right,3-307
3-307-3,138.0,../data/images/processed/3-307-3.jpg,bottom-right,3-307
3-307-4,137.1,../data/images/processed/3-307-4.jpg,bottom-left,3-307
3-308-1,146.4,../data/images/processed/3-308-1.jpg,top-left,3-308
3-308-2,142.4,../data/images/processed/3-308-2.jpg,top-right,3-308
3-308-3,142.6,../data/images/processed/3-308-3.jpg,bottom-right,3-308
3-308-4,147.7,../data/images/processed/3-308-4.jpg,bottom-left,3-308
3-309-1,148.7,../data/images/processed/3-309-1.jpg,top-left,3-309
3-309-2,139.4,../data/images/processed/3-309-2.jpg,top-right,3-309
3-309-3,139.5,../data/images/processed/3-309-3.jpg,bottom-right,3-309
3-309-4,143.8,../data/images/processed/3-309-4.jpg,bottom-left,3-309
3-310-1,143.8,../data/images/processed/3-310-1.jpg,top-left,3-310
3-310-2,144.3,../data/images/processed/3-310-2.jpg,top-right,3-310
3-310-3,135.2,../data/images/processed/3-310-3.jpg,bottom-right,3-310
3-310-4,144.8,../data/images/processed/3-310-4.jpg,bottom-left,3-310
3-311-1,141.0,../data/images/processed/3-311-1.jpg,top-left,3-311
3-311-2,143.2,../data/images/processed/3-311-2.jpg,top-right,3-311
3-311-3,143.0,../data/images/processed/3-311-3.jpg,bottom-right,3-311
3-311-4,140.9,../data/images/processed/3-311-4.jpg,bottom-left,3-311
3-312-1,138.9,../data/images/processed/3-312-1.jpg,top-left,3-312
3-312-2,124.9,../data/images/processed/3-312-2.jpg,top-right,3-312
3-312-3,136.8,../data/images/processed/3-312-3.jpg,bottom-right,3-312
3-312-4,153.1,../data/images/processed/3-312-4.jpg,bottom-left,3-312
3-313-1,145.8,../data/images/processed/3-313-1.jpg,top-left,3-313
3-313-2,147.2,../data/images/processed/3-313-2.jpg,top-right,3-313
3-313-3,138.6,../data/images/processed/3-313-3.jpg,bottom-right,3-313
3-313-4,148.4,../data/images/processed/3-313-4.jpg,bottom-left,3-313
3-314-1,143.5,../data/images/processed/3-314-1.jpg,top-left,3-314
3-314-2,138.0,../data/images/processed/3-314-2.jpg,top-right,3-314
3-314-3,148.2,../data/images/processed/3-314-3.jpg,bottom-right,3-314
3-314-4,143.0,../data/images/processed/3-314-4.jpg,bottom-left,3-314
3-315-1,138.2,../data/images/processed/3-315-1.jpg,top-left,3-315
3-315-2,148.2,../data/images/processed/3-315-2.jpg,top-right,3-315
3-315-3,150.4,../data/images/processed/3-315-3.jpg,bottom-right,3-315
3-315-4,148.5,../data/images/processed/3-315-4.jpg,bottom-left,3-315
3-316-1,141.0,../data/images/processed/3-316-1.jpg,top-left,3-316
3-316-2,138.3,../data/images/processed/3-316-2.jpg,top-right,3-316
3-316-3,142.3,../data/images/processed/3-316-3.jpg,bottom-right,3-316
3-316-4,141.2,../data/images/processed/3-316-4.jpg,bottom-left,3-316
3-317-1,145.3,../data/images/processed/3-317-1.jpg,top-left,3-317
3-317-2,140.3,../data/images/processed/3-317-2.jpg,top-right,3-317
3-317-3,140.1,../data/images/processed/3-317-3.jpg,bottom-right,3-317
3-318-1,142.3,../data/images/processed/3-318-1.jpg,top-left,3-318
3-318-2,135.8,../data/images/processed/3-318-2.jpg,top-right,3-318
3-318-3,141.5,../data/images/processed/3-318-3.jpg,bottom-right,3-318
3-318-4,137.0,../data/images/processed/3-318-4.jpg,bottom-left,3-318
3-319-1,138.9,../data/images/processed/3-319-1.jpg,top-left,3-319
3-319-2,137.0,../data/images/processed/3-319-2.jpg,top-right,3-319
3-319-3,139.4,../data/images/processed/3-319-3.jpg,bottom-right,3-319
3-319-4,141.3,../data/images/processed/3-319-4.jpg,bottom-left,3-319
3-320-1,138.0,../data/images/processed/3-320-1.jpg,top-left,3-320
3-320-2,143.5,../data/images/processed/3-320-2.jpg,top-right,3-320
3-320-3,137.9,../data/images/processed/3-320-3.jpg,bottom-right,3-320
3-320-4,144.8,../data/images/processed/3-320-4.jpg,bottom-left,3-320
3-321-1,146.2,../data/images/processed/3-321-1.jpg,top-left,3-321
3-321-2,149.0,../data/images/processed/3-321-2.jpg,top-right,3-321
3-321-3,135.5,../data/images/processed/3-321-3.jpg,bottom-right,3-321
3-321-4,148.0,../data/images/processed/3-321-4.jpg,bottom-left,3-321
3-401-1,133.5,../data/images/processed/3-401-1.jpg,top-left,3-401
3-401-2,130.9,../data/images/processed/3-401-2.jpg,top-right,3-401
3-401-3,139.0,../data/images/processed/3-401-3.jpg,bottom-right,3-401
3-401-4,143.5,../data/images/processed/3-401-4.jpg,bottom-left,3-401
3-402-1,132.4,../data/images/processed/3-402-1.jpg,top-left,3-402
3-402-2,145.9,../data/images/processed/3-402-2.jpg,top-right,3-402
3-402-3,139.7,../data/images/processed/3-402-3.jpg,bottom-right,3-402
3-402-4,132.9,../data/images/processed/3-402-4.jpg,bottom-left,3-402
3-403-1,136.1,../data/images/processed/3-403-1.jpg,top-left,3-403
3-403-2,138.6,../data/images/processed/3-403-2.jpg,top-right,3-403
3-403-3,136.7,../data/images/processed/3-403-3.jpg,bottom-right,3-403
3-403-4,139.0,../data/images/processed/3-403-4.jpg,bottom-left,3-403
3-404-1,133.4,../data/images/processed/3-404-1.jpg,top-left,3-404
3-404-2,135.1,../data/images/processed/3-404-2.jpg,top-right,3-404
3-404-3,140.0,../data/images/processed/3-404-3.jpg,bottom-right,3-404
3-404-4,130.9,../data/images/processed/3-404-4.jpg,bottom-left,3-404
3-405-1,133.2,../data/images/processed/3-405-1.jpg,top-left,3-405
3-405-2,137.9,../data/images/processed/3-405-2.jpg,top-right,3-405
3-405-3,139.0,../data/images/processed/3-405-3.jpg,bottom-right,3-405
3-405-4,141.6,../data/images/processed/3-405-4.jpg,bottom-left,3-405
3-406-1,138.9,../data/images/processed/3-406-1.jpg,top-left,3-406
3-406-2,135.4,../data/images/processed/3-406-2.jpg,top-right,3-406
3-406-3,118.6,../data/images/processed/3-406-3.jpg,bottom-right,3-406
3-406-4,140.1,../data/images/processed/3-406-4.jpg,bottom-left,3-406
3-407-1,132.7,../data/images/processed/3-407-1.jpg,top-left,3-407
3-407-2,130.3,../data/images/processed/3-407-2.jpg,top-right,3-407
3-407-3,136.5,../data/images/processed/3-407-3.jpg,bottom-right,3-407
3-407-4,133.1,../data/images/processed/3-407-4.jpg,bottom-left,3-407
3-409-1,141.2,../data/images/processed/3-409-1.jpg,top-left,3-409
3-409-2,138.6,../data/images/processed/3-409-2.jpg,top-right,3-409
3-409-3,132.1,../data/images/processed/3-409-3.jpg,bottom-right,3-409
3-409-4,138.8,../data/images/processed/3-409-4.jpg,bottom-left,3-409
3-410-1,135.9,../data/images/processed/3-410-1.jpg,top-left,3-410
3-410-2,144.5,../data/images/processed/3-410-2.jpg,top-right,3-410
3-410-3,144.5,../data/images/processed/3-410-3.jpg,bottom-right,3-410
3-410-4,138.4,../data/images/processed/3-410-4.jpg,bottom-left,3-410
3-411-1,142.6,../data/images/processed/3-411-1.jpg,top-left,3-411
3-411-2,140.3,../data/images/processed/3-411-2.jpg,top-right,3-411
3-411-3,129.9,../data/images/processed/3-411-3.jpg,bottom-right,3-411
3-411-4,135.1,../data/images/processed/3-411-4.jpg,bottom-left,3-411
3-412-1,138.9,../data/images/processed/3-412-1.jpg,top-left,3-412
3-412-2,139.5,../data/images/processed/3-412-2.jpg,top-right,3-412
3-412-3,128.6,../data/images/processed/3-412-3.jpg,bottom-right,3-412
3-412-4,126.4,../data/images/processed/3-412-4.jpg,bottom-left,3-412
3-413-1,134.4,../data/images/processed/3-413-1.jpg,top-left,3-413
3-413-2,139.5,../data/images/processed/3-413-2.jpg,top-right,3-413
3-413-3,147.5,../data/images/processed/3-413-3.jpg,bottom-right,3-413
3-413-4,134.4,../data/images/processed/3-413-4.jpg,bottom-left,3-413
3-415-1,142.9,../data/images/processed/3-415-1.jpg,top-left,3-415
3-415-2,143.0,../data/images/processed/3-415-2.jpg,top-right,3-415
3-415-3,140.1,../data/images/processed/3-415-3.jpg,bottom-right,3-415
3-415-4,138.6,../data/images/processed/3-415-4.jpg,bottom-left,3-415
3-416-1,139.8,../data/images/processed/3-416-1.jpg,top-left,3-416
3-416-2,143.8,../data/images/processed/3-416-2.jpg,top-right,3-416
3-416-3,139.0,../data/images/processed/3-416-3.jpg,bottom-right,3-416
3-416-4,144.5,../data/images/processed/3-416-4.jpg,bottom-left,3-416
3-417-1,154.7,../data/images/processed/3-417-1.jpg,top-left,3-417
3-417-2,140.7,../data/images/processed/3-417-2.jpg,top-right,3-417
3-417-3,138.0,../data/images/processed/3-417-3.jpg,bottom-right,3-417
3-417-4,146.4,../data/images/processed/3-417-4.jpg,bottom-left,3-417
3-418-1,145.1,../data/images/processed/3-418-1.jpg,top-left,3-418
3-418-2,143.5,../data/images/processed/3-418-2.jpg,top-right,3-418
3-418-3,147.1,../data/images/processed/3-418-3.jpg,bottom-right,3-418
3-418-4,139.8,../data/images/processed/3-418-4.jpg,bottom-left,3-418
3-419-1,141.3,../data/images/processed/3-419-1.jpg,top-left,3-419
3-419-2,139.0,../data/images/processed/3-419-2.jpg,top-right,3-419
3-419-3,137.0,../data/images/processed/3-419-3.jpg,bottom-right,3-419
3-419-4,136.8,../data/images/processed/3-419-4.jpg,bottom-left,3-419
3-501-1,138.2,../data/images/processed/3-501-1.jpg,top-left,3-501
3-501-2,133.4,../data/images/processed/3-501-2.jpg,top-right,3-501
3-501-3,140.9,../data/images/processed/3-501-3.jpg,bottom-right,3-501
3-501-4,136.8,../data/images/processed/3-501-4.jpg,bottom-left,3-501
3-502-1,138.3,../data/images/processed/3-502-1.jpg,top-left,3-502
3-502-2,135.4,../data/images/processed/3-502-2.jpg,top-right,3-502
3-502-3,133.8,../data/images/processed/3-502-3.jpg,bottom-right,3-502
3-502-4,138.6,../data/images/processed/3-502-4.jpg,bottom-left,3-502
3-503-1,135.4,../data/images/processed/3-503-1.jpg,top-left,3-503
3-503-2,132.2,../data/images/processed/3-503-2.jpg,top-right,3-503
3-503-3,139.7,../data/images/processed/3-503-3.jpg,bottom-right,3-503
3-503-4,136.2,../data/images/processed/3-503-4.jpg,bottom-left,3-503
3-504-1,141.8,../data/images/processed/3-504-1.jpg,top-left,3-504
3-504-2,135.5,../data/images/processed/3-504-2.jpg,top-right,3-504
3-504-3,139.0,../data/images/processed/3-504-3.jpg,bottom-right,3-504
3-504-4,135.5,../data/images/processed/3-504-4.jpg,bottom-left,3-504
3-505-1,139.4,../data/images/processed/3-505-1.jpg,top-left,3-505
3-505-2,138.8,../data/images/processed/3-505-2.jpg,top-right,3-505
3-505-3,141.6,../data/images/processed/3-505-3.jpg,bottom-right,3-505
3-505-4,134.8,../data/images/processed/3-505-4.jpg,bottom-left,3-505
3-506-1,134.5,../data/images/processed/3-506-1.jpg,top-left,3-506
3-506-2,140.7,../data/images/processed/3-506-2.jpg,top-right,3-506
3-506-3,141.0,../data/images/processed/3-506-3.jpg,bottom-right,3-506
3-506-4,132.5,../data/images/processed/3-506-4.jpg,bottom-left,3-506
3-507-1,145.8,../data/images/processed/3-507-1.jpg,top-left,3-507
3-507-2,141.9,../data/images/processed/3-507-2.jpg,top-right,3-507
3-507-3,132.7,../data/images/processed/3-507-3.jpg,bottom-right,3-507
3-507-4,135.1,../data/images/processed/3-507-4.jpg,bottom-left,3-507
3-508-1,140.7,../data/images/processed/3-508-1.jpg,top-left,3-508
3-508-2,141.2,../data/images/processed/3-508-2.jpg,top-right,3-508
3-508-3,140.3,../data/images/processed/3-508-3.jpg,bottom-right,3-508
3-508-4,140.1,../data/images/processed/3-508-4.jpg,bottom-left,3-508
3-509-1,137.3,../data/images/processed/3-509-1.jpg,top-left,3-509
3-509-2,140.4,../data/images/processed/3-509-2.jpg,top-right,3-509
3-509-3,133.5,../data/images/processed/3-509-3.jpg,bottom-right,3-509
3-509-4,130.7,../data/images/processed/3-509-4.jpg,bottom-left,3-509
3-510-1,137.1,../data/images/processed/3-510-1.jpg,top-left,3-510
3-510-2,133.8,../data/images/processed/3-510-2.jpg,top-right,3-510
3-510-3,131.0,../data/images/processed/3-510-3.jpg,bottom-right,3-510
3-510-4,133.5,../data/images/processed/3-510-4.jpg,bottom-left,3-510
3-511-1,140.3,../data/images/processed/3-511-1.jpg,top-left,3-511
3-511-2,134.4,../data/images/processed/3-511-2.jpg,top-right,3-511
3-511-3,136.8,../data/images/processed/3-511-3.jpg,bottom-right,3-511
3-511-4,138.6,../data/images/processed/3-511-4.jpg,bottom-left,3-511
3-513-1,136.1,../data/images/processed/3-513-1.jpg,top-left,3-513
3-513-2,141.6,../data/images/processed/3-513-2.jpg,top-right,3-513
3-513-3,138.2,../data/images/processed/3-513-3.jpg,bottom-right,3-513
3-513-4,139.2,../data/images/processed/3-513-4.jpg,bottom-left,3-513
3-514-1,134.5,../data/images/processed/3-514-1.jpg,top-left,3-514
3-514-2,138.4,../data/images/processed/3-514-2.jpg,top-right,3-514
3-514-3,131.0,../data/images/processed/3-514-3.jpg,bottom-right,3-514
3-514-4,143.5,../data/images/processed/3-514-4.jpg,bottom-left,3-514
3-515-1,130.7,../data/images/processed/3-515-1.jpg,top-left,3-515
3-515-2,135.1,../data/images/processed/3-515-2.jpg,top-right,3-515
3-515-3,135.4,../data/images/processed/3-515-3.jpg,bottom-right,3-515
3-515-4,129.6,../data/images/processed/3-515-4.jpg,bottom-left,3-515
3-516-1,144.0,../data/images/processed/3-516-1.jpg,top-left,3-516
3-516-2,128.3,../data/images/processed/3-516-2.jpg,top-right,3-516
3-516-3,140.4,../data/images/processed/3-516-3.jpg,bottom-right,3-516
3-516-4,135.7,../data/images/processed/3-516-4.jpg,bottom-left,3-516
3-517-1,149.4,../data/images/processed/3-517-1.jpg,top-left,3-517
3-517-2,125.8,../data/images/processed/3-517-2.jpg,top-right,3-517
3-517-3,139.7,../data/images/processed/3-517-3.jpg,bottom-right,3-517
3-518-2,142.4,../data/images/processed/3-518-2.jpg,top-right,3-518
3-518-3,145.1,../data/images/processed/3-518-3.jpg,bottom-right,3-518
3-518-4,145.6,../data/images/processed/3-518-4.jpg,bottom-left,3-518
3-519-1,133.2,../data/images/processed/3-519-1.jpg,top-left,3-519
3-519-2,140.0,../data/images/processed/3-519-2.jpg,top-right,3-519
3-519-3,136.4,../data/images/processed/3-519-3.jpg,bottom-right,3-519
3-519-4,144.9,../data/images/processed/3-519-4.jpg,bottom-left,3-519
3-601-1,150.6,../data/images/processed/3-601-1.jpg,top-left,3-601
3-601-2,137.3,../data/images/processed/3-601-2.jpg,top-right,3-601
3-601-3,140.9,../data/images/processed/3-601-3.jpg,bottom-right,3-601
3-601-4,141.8,../data/images/processed/3-601-4.jpg,bottom-left,3-601
3-603-1,148.2,../data/images/processed/3-603-1.jpg,top-left,3-603
3-603-2,142.6,../data/images/processed/3-603-2.jpg,top-right,3-603
3-603-3,133.6,../data/images/processed/3-603-3.jpg,bottom-right,3-603
3-603-4,140.3,../data/images/processed/3-603-4.jpg,bottom-left,3-603
3-604-1,145.1,../data/images/processed/3-604-1.jpg,top-left,3-604
3-604-2,149.9,../data/images/processed/3-604-2.jpg,top-right,3-604
3-604-3,144.3,../data/images/processed/3-604-3.jpg,bottom-right,3-604
3-604-4,133.2,../data/images/processed/3-604-4.jpg,bottom-left,3-604
3-605-1,139.4,../data/images/processed/3-605-1.jpg,top-left,3-605
3-605-2,142.6,../data/images/processed/3-605-2.jpg,top-right,3-605
3-605-3,137.0,../data/images/processed/3-605-3.jpg,bottom-right,3-605
3-605-4,141.5,../data/images/processed/3-605-4.jpg,bottom-left,3-605
3-606-1,135.7,../data/images/processed/3-606-1.jpg,top-left,3-606
3-606-2,139.4,../data/images/processed/3-606-2.jpg,top-right,3-606
3-606-3,140.4,../data/images/processed/3-606-3.jpg,bottom-right,3-606
3-606-4,143.7,../data/images/processed/3-606-4.jpg,bottom-left,3-606
3-607-1,138.4,../data/images/processed/3-607-1.jpg,top-left,3-607
3-607-2,144.3,../data/images/processed/3-607-2.jpg,top-right,3-607
3-607-3,135.7,../data/images/processed/3-607-3.jpg,bottom-right,3-607
3-607-4,141.8,../data/images/processed/3-607-4.jpg,bottom-left,3-607
3-608-1,144.2,../data/images/processed/3-608-1.jpg,top-left,3-608
3-608-2,140.6,../data/images/processed/3-608-2.jpg,top-right,3-608
3-608-3,140.1,../data/images/processed/3-608-3.jpg,bottom-right,3-608
3-608-4,141.9,../data/images/processed/3-608-4.jpg,bottom-left,3-608
3-609-1,141.3,../data/images/processed/3-609-1.jpg,top-left,3-609
3-609-2,145.8,../data/images/processed/3-609-2.jpg,top-right,3-609
3-609-3,139.8,../data/images/processed/3-609-3.jpg,bottom-right,3-609
3-609-4,134.8,../data/images/processed/3-609-4.jpg,bottom-left,3-609
3-610-1,148.0,../data/images/processed/3-610-1.jpg,top-left,3-610
3-610-2,141.6,../data/images/processed/3-610-2.jpg,top-right,3-610
3-610-3,138.3,../data/images/processed/3-610-3.jpg,bottom-right,3-610
3-610-4,147.2,../data/images/processed/3-610-4.jpg,bottom-left,3-610
3-611-1,141.2,../data/images/processed/3-611-1.jpg,top-left,3-611
3-611-2,144.2,../data/images/processed/3-611-2.jpg,top-right,3-611
3-611-3,135.7,../data/images/processed/3-611-3.jpg,bottom-right,3-611
3-611-4,135.2,../data/images/processed/3-611-4.jpg,bottom-left,3-611
3-612-1,147.9,../data/images/processed/3-612-1.jpg,top-left,3-612
3-612-2,139.0,../data/images/processed/3-612-2.jpg,top-right,3-612
3-612-3,140.7,../data/images/processed/3-612-3.jpg,bottom-right,3-612
3-612-4,132.9,../data/images/processed/3-612-4.jpg,bottom-left,3-612
3-613-1,142.7,../data/images/processed/3-613-1.jpg,top-left,3-613
3-613-2,141.5,../data/images/processed/3-613-2.jpg,top-right,3-613
3-613-3,135.2,../data/images/processed/3-613-3.jpg,bottom-right,3-613
3-613-4,136.8,../data/images/processed/3-613-4.jpg,bottom-left,3-613
3-701-1,137.7,../data/images/processed/3-701-1.jpg,top-left,3-701
3-701-2,141.3,../data/images/processed/3-701-2.jpg,top-right,3-701
3-701-3,139.4,../data/images/processed/3-701-3.jpg,bottom-right,3-701
3-701-4,144.3,../data/images/processed/3-701-4.jpg,bottom-left,3-701
3-702-1,134.8,../data/images/processed/3-702-1.jpg,top-left,3-702
3-702-2,141.2,../data/images/processed/3-702-2.jpg,top-right,3-702
3-702-3,135.4,../data/images/processed/3-702-3.jpg,bottom-right,3-702
3-702-4,136.1,../data/images/processed/3-702-4.jpg,bottom-left,3-702
3-703-1,138.8,../data/images/processed/3-703-1.jpg,top-left,3-703
3-703-2,145.6,../data/images/processed/3-703-2.jpg,top-right,3-703
3-703-3,139.7,../data/images/processed/3-703-3.jpg,bottom-right,3-703
3-703-4,146.2,../data/images/processed/3-703-4.jpg,bottom-left,3-703
3-704-1,143.6,../data/images/processed/3-704-1.jpg,top-left,3-704
3-704-2,139.2,../data/images/processed/3-704-2.jpg,top-right,3-704
3-704-3,137.1,../data/images/processed/3-704-3.jpg,bottom-right,3-704
3-704-4,132.8,../data/images/processed/3-704-4.jpg,bottom-left,3-704
3-705-1,136.2,../data/images/processed/3-705-1.jpg,top-left,3-705
3-705-2,141.2,../data/images/processed/3-705-2.jpg,top-right,3-705
3-705-3,145.1,../data/images/processed/3-705-3.jpg,bottom-right,3-705
3-705-4,143.0,../data/images/processed/3-705-4.jpg,bottom-left,3-705
3-706-1,146.1,../data/images/processed/3-706-1.jpg,top-left,3-706
3-706-2,139.8,../data/images/processed/3-706-2.jpg,top-right,3-706
3-706-3,146.2,../data/images/processed/3-706-3.jpg,bottom-right,3-706
3-706-4,141.0,../data/images/processed/3-706-4.jpg,bottom-left,3-706
3-707-1,136.1,../data/images/processed/3-707-1.jpg,top-left,3-707
3-707-2,139.2,../data/images/processed/3-707-2.jpg,top-right,3-707
3-707-3,135.5,../data/images/processed/3-707-3.jpg,bottom-right,3-707
3-707-4,139.4,../data/images/processed/3-707-4.jpg,bottom-left,3-707
3-708-1,136.2,../data/images/processed/3-708-1.jpg,top-left,3-708
3-708-2,133.2,../data/images/processed/3-708-2.jpg,top-right,3-708
3-708-3,145.6,../data/images/processed/3-708-3.jpg,bottom-right,3-708
3-708-4,147.9,../data/images/processed/3-708-4.jpg,bottom-left,3-708
3-709-1,140.1,../data/images/processed/3-709-1.jpg,top-left,3-709
3-709-2,138.9,../data/images/processed/3-709-2.jpg,top-right,3-709
3-709-3,146.6,../data/images/processed/3-709-3.jpg,bottom-right,3-709
3-709-4,139.8,../data/images/processed/3-709-4.jpg,bottom-left,3-709
3-710-1,144.9,../data/images/processed/3-710-1.jpg,top-left,3-710
3-710-2,135.4,../data/images/processed/3-710-2.jpg,top-right,3-710
3-710-3,138.2,../data/images/processed/3-710-3.jpg,bottom-right,3-710
3-710-4,138.4,../data/images/processed/3-710-4.jpg,bottom-left,3-710
3-711-1,132.2,../data/images/processed/3-711-1.jpg,top-left,3-711
3-711-2,140.1,../data/images/processed/3-711-2.jpg,top-right,3-711
3-711-3,141.3,../data/images/processed/3-711-3.jpg,bottom-right,3-711
3-711-4,139.8,../data/images/processed/3-711-4.jpg,bottom-left,3-711
3-712-1,140.3,../data/images/processed/3-712-1.jpg,top-left,3-712
3-712-2,125.4,../data/images/processed/3-712-2.jpg,top-right,3-712
3-712-3,138.2,../data/images/processed/3-712-3.jpg,bottom-right,3-712
3-713-1,142.1,../data/images/processed/3-713-1.jpg,top-left,3-713
3-713-2,131.7,../data/images/processed/3-713-2.jpg,top-right,3-713
3-713-3,137.3,../data/images/processed/3-713-3.jpg,bottom-right,3-713
3-713-4,146.6,../data/images/processed/3-713-4.jpg,bottom-left,3-713
3-801-1,136.1,../data/images/processed/3-801-1.jpg,top-left,3-801
3-801-2,139.7,../data/images/processed/3-801-2.jpg,top-right,3-801
3-801-3,140.4,../data/images/processed/3-801-3.jpg,bottom-right,3-801
3-801-4,146.2,../data/images/processed/3-801-4.jpg,bottom-left,3-801
3-802-1,144.9,../data/images/processed/3-802-1.jpg,top-left,3-802
3-802-2,142.6,../data/images/processed/3-802-2.jpg,top-right,3-802
3-802-3,144.9,../data/images/processed/3-802-3.jpg,bottom-right,3-802
3-802-4,139.4,../data/images/processed/3-802-4.jpg,bottom-left,3-802
3-803-1,142.9,../data/images/processed/3-803-1.jpg,top-left,3-803
3-803-2,135.4,../data/images/processed/3-803-2.jpg,top-right,3-803
3-803-3,138.4,../data/images/processed/3-803-3.jpg,bottom-right,3-803
3-803-4,128.7,../data/images/processed/3-803-4.jpg,bottom-left,3-803
3-804-1,135.1,../data/images/processed/3-804-1.jpg,top-left,3-804
3-804-2,146.9,../data/images/processed/3-804-2.jpg,top-right,3-804
3-804-3,141.9,../data/images/processed/3-804-3.jpg,bottom-right,3-804
3-804-4,133.8,../data/images/processed/3-804-4.jpg,bottom-left,3-804
3-805-1,141.2,../data/images/processed/3-805-1.jpg,top-left,3-805
3-805-2,132.1,../data/images/processed/3-805-2.jpg,top-right,3-805
3-805-3,143.4,../data/images/processed/3-805-3.jpg,bottom-right,3-805
3-805-4,146.2,../data/images/processed/3-805-4.jpg,bottom-left,3-805
3-806-1,140.1,../data/images/processed/3-806-1.jpg,top-left,3-806
3-806-2,142.6,../data/images/processed/3-806-2.jpg,top-right,3-806
3-806-3,138.4,../data/images/processed/3-806-3.jpg,bottom-right,3-806
3-806-4,141.8,../data/images/processed/3-806-4.jpg,bottom-left,3-806
3-807-1,144.5,../data/images/processed/3-807-1.jpg,top-left,3-807
3-807-2,139.7,../data/images/processed/3-807-2.jpg,top-right,3-807
3-807-3,136.8,../data/images/processed/3-807-3.jpg,bottom-right,3-807
3-807-4,143.8,../data/images/processed/3-807-4.jpg,bottom-left,3-807
3-808-1,142.1,../data/images/processed/3-808-1.jpg,top-left,3-808
3-808-2,144.2,../data/images/processed/3-808-2.jpg,top-right,3-808
3-808-3,138.9,../data/images/processed/3-808-3.jpg,bottom-right,3-808
3-808-4,140.6,../data/images/processed/3-808-4.jpg,bottom-left,3-808
3-810-1,151.2,../data/images/processed/3-810-1.jpg,top-left,3-810
3-810-2,144.6,../data/images/processed/3-810-2.jpg,top-right,3-810
3-810-3,140.1,../data/images/processed/3-810-3.jpg,bottom-right,3-810
3-810-4,139.8,../data/images/processed/3-810-4.jpg,bottom-left,3-810
3-812-1,140.1,../data/images/processed/3-812-1.jpg,top-left,3-812
3-812-2,142.7,../data/images/processed/3-812-2.jpg,top-right,3-812
3-812-3,142.4,../data/images/processed/3-812-3.jpg,bottom-right,3-812
3-812-4,143.2,../data/images/processed/3-812-4.jpg,bottom-left,3-812
3-901-1,145.2,../data/images/processed/3-901-1.jpg,top-left,3-901
3-901-2,142.6,../data/images/processed/3-901-2.jpg,top-right,3-901
3-901-3,147.1,../data/images/processed/3-901-3.jpg,bottom-right,3-901
3-901-4,140.6,../data/images/processed/3-901-4.jpg,bottom-left,3-901
3-903-1,140.4,../data/images/processed/3-903-1.jpg,top-left,3-903
3-903-2,139.2,../data/images/processed/3-903-2.jpg,top-right,3-903
3-903-3,143.2,../data/images/processed/3-903-3.jpg,bottom-right,3-903
3-903-4,147.2,../data/images/processed/3-903-4.jpg,bottom-left,3-903
3-904-1,144.0,../data/images/processed/3-904-1.jpg,top-left,3-904
3-904-2,143.8,../data/images/processed/3-904-2.jpg,top-right,3-904
3-904-3,144.2,../data/images/processed/3-904-3.jpg,bottom-right,3-904
3-904-4,145.9,../data/images/processed/3-904-4.jpg,bottom-left,3-904
3-905-1,143.2,../data/images/processed/3-905-1.jpg,top-left,3-905
3-905-2,141.6,../data/images/processed/3-905-2.jpg,top-right,3-905
3-905-3,141.8,../data/images/processed/3-905-3.jpg,bottom-right,3-905
3-905-4,143.2,../data/images/processed/3-905-4.jpg,bottom-left,3-905
3-906-1,138.2,../data/images/processed/3-906-1.jpg,top-left,3-906
3-906-2,140.4,../data/images/processed/3-906-2.jpg,top-right,3-906
3-906-3,136.7,../data/images/processed/3-906-3.jpg,bottom-right,3-906
3-906-4,137.1,../data/images/processed/3-906-4.jpg,bottom-left,3-906
3-908-1,145.8,../data/images/processed/3-908-1.jpg,top-left,3-908
3-908-2,141.3,../data/images/processed/3-908-2.jpg,top-right,3-908
3-908-3,143.2,../data/images/processed/3-908-3.jpg,bottom-right,3-908
3-908-4,138.6,../data/images/processed/3-908-4.jpg,bottom-left,3-908
3-909-1,143.7,../data/images/processed/3-909-1.jpg,top-left,3-909
3-909-2,135.4,../data/images/processed/3-909-2.jpg,top-right,3-909
3-909-3,137.3,../data/images/processed/3-909-3.jpg,bottom-right,3-909
3-909-4,139.8,../data/images/processed/3-909-4.jpg,bottom-left,3-909
3-910-1,141.5,../data/images/processed/3-910-1.jpg,top-left,3-910
3-910-2,144.9,../data/images/processed/3-910-2.jpg,top-right,3-910
3-910-3,140.9,../data/images/processed/3-910-3.jpg,bottom-right,3-910
3-910-4,139.0,../data/images/processed/3-910-4.jpg,bottom-left,3-910
3-911-1,135.7,../data/images/processed/3-911-1.jpg,top-left,3-911
3-911-2,137.7,../data/images/processed/3-911-2.jpg,top-right,3-911
3-911-3,140.6,../data/images/processed/3-911-3.jpg,bottom-right,3-911
3-911-4,131.4,../data/images/processed/3-911-4.jpg,bottom-left,3-911
3-913-1,145.1,../data/images/processed/3-913-1.jpg,top-left,3-913
3-913-2,137.7,../data/images/processed/3-913-2.jpg,top-right,3-913
3-913-3,141.6,../data/images/processed/3-913-3.jpg,bottom-right,3-913
3-913-4,144.5,../data/images/processed/3-913-4.jpg,bottom-left,3-913
